,Open Time,Open,High,Low,Close,Volume,Close Time,Quote Asset Volume,Number of Trades,Taker Buy Base Asset Vol,Taker Buy Quote Asset Vol,Ignore?
0,1509634800000,0.041534,0.041535,0.040664,0.040909,966.371,1509636599999,39.60990017,788,460.074,18.88782523,141079.114085
1,1509636600000,0.04079,0.040965,0.040163,0.040552,1350.751,1509638399999,54.96755814,979,590.072,24.03943591,141273.035828
2,1509638400000,0.040597,0.040735,0.040166,0.040476,1242.918,1509640199999,50.35498927,993,771.524,31.270422,140953.388839
3,1509640200000,0.040554,0.040884,0.040475,0.040761,1090.328,1509641999999,44.39192176,935,630.096,25.67921005,141492.742067
4,1509642000000,0.04081,0.041697,0.040727,0.041135,1112.004,1509643799999,45.73132074,1049,508.844,20.95448767,140817.774106
5,1509643800000,0.041041,0.041308,0.04075,0.040762,731.855,1509645599999,29.99127567,624,382.639,15.7064749,140852.906309
6,1509645600000,0.040758,0.04128,0.040656,0.041144,956.822,1509647399999,39.13869095,861,483.564,19.78818235,140790.860824
7,1509647400000,0.041193,0.041749,0.041144,0.041443,956.447,1509649199999,39.72513102,961,455.436,18.92035542,140767.020165
8,1509649200000,0.041417,0.041581,0.041182,0.041193,600.392,1509650999999,24.82017722,626,291.775,12.07225484,140862.616489
9,1509651000000,0.04133,0.041375,0.040941,0.041138,827.725,1509652799999,34.07467534,561,374.927,15.45091113,140863.679611
10,1509652800000,0.041154,0.041438,0.040569,0.040596,777.966,1509654599999,31.9527711,569,295.103,12.12846079,140737.752759
11,1509654600000,0.040596,0.040745,0.040239,0.040646,823.22,1509656399999,33.31090809,762,415.818,16.84192447,141290.994345
12,1509656400000,0.040676,0.040857,0.040432,0.040527,625.725,1509658199999,25.41824229,511,357.78,14.53873126,141279.755011
13,1509658200000,0.040664,0.040997,0.039886,0.040066,804.433,1509659999999,32.47558858,601,382.391,15.45044422,141193.11199
14,1509660000000,0.040112,0.040784,0.040078,0.040784,763.554,1509661799999,30.80083194,675,505.806,20.42581513,140698.907574
15,1509661800000,0.040785,0.04112,0.040185,0.040651,791.8,1509663599999,32.07066761,770,435.324,17.69276044,141136.420969
16,1509663600000,0.040639,0.040995,0.040151,0.040167,783.794,1509665399999,31.79773514,623,314.172,12.75505795,140960.386666
17,1509665400000,0.040288,0.04051,0.039998,0.040287,1021.4,1509667199999,41.12408944,558,512.851,20.66528652,141653.481677
18,1509667200000,0.040488,0.041459,0.040283,0.041228,1232.924,1509668999999,50.30693897,990,444.355,18.15627129,141586.494524
19,1509669000000,0.041228,0.041383,0.0407,0.040927,784.647,1509670799999,32.15358032,846,408.119,16.73288341,141927.235489
20,1509670800000,0.041028,0.041497,0.040901,0.041267,911.596,1509672599999,37.59191068,917,329.633,13.61123342,141804.679734
21,1509672600000,0.041245,0.041485,0.04124,0.041285,766.929,1509674399999,31.7001097,715,387.877,16.03864172,141515.299995
22,1509674400000,0.041281,0.041395,0.04076,0.040939,1052.849,1509676199999,43.26190771,746,543.276,22.35786158,141631.424723
23,1509676200000,0.04094,0.041191,0.040901,0.040965,777.338,1509677999999,31.87987665,758,334.166,13.71655358,141854.215545
24,1509678000000,0.04097,0.041112,0.039938,0.039977,1318.916,1509679799999,53.39019941,1077,589.218,23.88111316,142316.823334
25,1509679800000,0.039976,0.040083,0.039537,0.03969,1229.398,1509681599999,48.90682132,1106,630.049,25.08453391,142637.736284
26,1509681600000,0.039717,0.0399,0.039509,0.0398,1707.914,1509683399999,67.8459494,671,880.752,35.01948386,142921.328376
27,1509683400000,0.0398,0.040249,0.039773,0.040077,1236.917,1509685199999,49.50261632,789,540.837,21.66747217,143159.844649
28,1509685200000,0.040069,0.040497,0.04003,0.040257,1024.863,1509686999999,41.28079959,786,623.9,25.13208678,143271.779808
29,1509687000000,0.040343,0.0404,0.04001,0.04002,771.244,1509688799999,31.06456586,687,394.269,15.89469284,143213.717929
30,1509688800000,0.040083,0.040216,0.040004,0.040087,1081.362,1509690599999,43.37023666,568,623.556,25.01630159,143218.542997
31,1509690600000,0.040103,0.040207,0.039854,0.03998,867.328,1509692399999,34.73699856,686,367.243,14.71765191,142755.985312
32,1509692400000,0.040075,0.040283,0.039992,0.040201,1065.416,1509694199999,42.80592647,633,672.07,27.01572059,141325.424395
33,1509694200000,0.040151,0.040214,0.039965,0.04002,1449.461,1509695999999,58.12578744,885,574.139,23.02920854,140402.43255
34,1509696000000,0.040041,0.040286,0.039995,0.040252,1144.18,1509697799999,45.94543594,939,518.802,20.84910183,141682.714762
35,1509697800000,0.040221,0.04027,0.039587,0.039618,1150.326,1509699599999,45.9605048,1115,410.98,16.42171778,143332.289135
36,1509699600000,0.039718,0.040066,0.039435,0.039929,1214.242,1509701399999,48.2099867,977,588.659,23.37911949,143829.969075
37,1509701400000,0.0399,0.03993,0.039501,0.039699,1029.77,1509703199999,40.93277565,684,594.515,23.64785166,143980.351761
38,1509703200000,0.039668,0.039805,0.039401,0.039513,981.206,1509704999999,38.85725668,858,404.901,16.050931,145146.451082
39,1509705000000,0.03964,0.039896,0.039405,0.039883,975.061,1509706799999,38.64562698,767,447.219,17.74501469,146795.964995
40,1509706800000,0.039681,0.040693,0.039661,0.040649,1217.41,1509708599999,48.95260246,876,552.909,22.24686171,145468.293064
41,1509708600000,0.040579,0.040921,0.04055,0.04068,1040.282,1509710399999,42.42267595,1326,517.042,21.09649807,145716.07027
42,1509710400000,0.040755,0.040832,0.040492,0.040568,1085.573,1509712199999,44.09780298,1218,526.002,21.38461352,146142.675806
43,1509712200000,0.040568,0.040892,0.040531,0.040756,890.63,1509713999999,36.2666315,927,349.503,14.24046998,146430.696156
44,1509714000000,0.040711,0.041501,0.040669,0.0413,1848.629,1509715799999,75.94783435,1359,772.746,31.78387394,146907.749428
45,1509715800000,0.0413,0.04134,0.041082,0.041176,1165.224,1509717599999,47.97468467,1376,669.984,27.58809025,146905.872287
46,1509717600000,0.041176,0.041499,0.040918,0.040978,1241.986,1509719399999,51.13515036,1205,604.711,24.90025263,147857.831346
47,1509719400000,0.040978,0.041091,0.040832,0.04103,837.13,1509721199999,34.27331428,764,365.438,14.97403656,148019.670578
48,1509721200000,0.04102,0.041132,0.040747,0.040952,1109.248,1509722999999,45.42023409,979,546.43,22.39061824,148188.263979
49,1509723000000,0.040931,0.041018,0.040698,0.04079,1101.306,1509724799999,45.04612555,934,478.826,19.60164839,148468.530956
50,1509724800000,0.040749,0.04104,0.040629,0.040873,1022.425,1509726599999,41.78342715,977,436.975,17.86165096,148553.799774
51,1509726600000,0.04089,0.041169,0.040714,0.040969,666.609,1509728399999,27.30092148,606,296.192,12.14178867,148314.194324
52,1509728400000,0.041,0.041104,0.040896,0.040961,610.24,1509730199999,25.0240321,698,367.036,15.05719221,147967.891319
53,1509730200000,0.040977,0.041026,0.040735,0.04077,672.808,1509731999999,27.48729423,687,350.143,14.30923361,148034.701568
54,1509732000000,0.04077,0.040847,0.040605,0.040785,667.13,1509733799999,27.17586062,467,330.453,13.46750388,147666.072747
55,1509733800000,0.04072,0.040996,0.040604,0.04074,617.966,1509735599999,25.17510064,497,282.508,11.5184952,147730.096699
56,1509735600000,0.040734,0.041026,0.040601,0.040811,573.73,1509737399999,23.43812305,394,265.223,10.84424058,147518.375867
57,1509737400000,0.040779,0.041291,0.040779,0.04117,584.712,1509739199999,24.00270793,551,219.336,9.00604163,147628.001736
58,1509739200000,0.041143,0.041348,0.041,0.041042,600.832,1509740999999,24.72442895,467,191.147,7.87490715,147622.202005
59,1509741000000,0.041042,0.042,0.040951,0.041957,778.182,1509742799999,32.285097,892,320.88,13.32383065,147581.405563
60,1509742800000,0.041957,0.043029,0.04191,0.042651,1186.423,1509744599999,50.35038619,1163,596.476,25.31273536,147523.013315
61,1509744600000,0.042739,0.043337,0.042461,0.043036,925.896,1509746399999,39.77521606,891,443.192,19.04828111,147693.14614
62,1509746400000,0.043018,0.043131,0.042214,0.042438,898.111,1509748199999,38.31218005,809,404.44,17.24952118,147571.501477
63,1509748200000,0.042281,0.042438,0.042011,0.042272,510.099,1509749999999,21.56433192,577,246.079,10.40466054,147578.004507
64,1509750000000,0.0424,0.043951,0.0422,0.042591,1590.215,1509751799999,68.08427005,1079,796.691,34.34820014,147509.988201
65,1509751800000,0.042821,0.043604,0.042409,0.042666,815.211,1509753599999,34.86640855,786,420.5,18.03192082,147417.104437
66,1509753600000,0.042661,0.043084,0.042557,0.042936,845.265,1509755399999,36.15550932,644,429.902,18.3951254,147504.286604
67,1509755400000,0.042924,0.043067,0.042231,0.042241,646.008,1509757199999,27.56453238,658,297.405,12.70261908,147473.617624
68,1509757200000,0.0423,0.042545,0.04202,0.042443,1040.019,1509758999999,43.9585361,731,495.179,20.93600763,147420.178319
69,1509759000000,0.042277,0.042303,0.04176,0.04176,633.121,1509760799999,26.60007008,790,335.055,14.07894229,147499.10803
70,1509760800000,0.04176,0.041845,0.041354,0.04141,689.717,1509762599999,28.62075208,771,323.008,13.4096397,148081.759423
71,1509762600000,0.041404,0.041642,0.041235,0.04138,518.319,1509764399999,21.43925715,519,270.817,11.2097684,148113.259466
72,1509764400000,0.041451,0.041521,0.0413,0.041435,564.414,1509766199999,23.3528934,489,310.916,12.86606772,148098.226716
73,1509766200000,0.04145,0.041618,0.041051,0.041052,854.712,1509767999999,35.34041676,741,312.042,12.91408084,148552.216643
74,1509768000000,0.041059,0.041437,0.041059,0.041318,1326.902,1509769799999,54.83188955,1203,408.028,16.86357096,148596.047837
75,1509769800000,0.041244,0.041552,0.041182,0.041361,694.538,1509771599999,28.70656562,625,234.16,9.69040703,149168.002117
76,1509771600000,0.04134,0.041511,0.041207,0.041498,836.863,1509773399999,34.61681673,595,445.505,18.43786834,149799.200345
77,1509773400000,0.041403,0.041549,0.041403,0.041536,528.836,1509775199999,21.9278877,568,199.085,8.26157824,150138.716025
78,1509775200000,0.041533,0.041914,0.041467,0.041744,906.816,1509776999999,37.79659697,835,271.627,11.32628001,150542.562027
79,1509777000000,0.04174,0.041969,0.04169,0.041949,670.556,1509778799999,28.02795425,767,358.461,14.99115659,150840.975378
80,1509778800000,0.041855,0.041961,0.041402,0.041697,848.666,1509780599999,35.3657946,662,248.363,10.36253919,151213.455192
81,1509780600000,0.041671,0.041696,0.041234,0.041469,889.847,1509782399999,36.95080968,733,364.886,15.16726195,151329.423065
82,1509782400000,0.041416,0.041591,0.04133,0.04141,447.896,1509784199999,18.572168,650,223.184,9.25981789,151829.699064
83,1509784200000,0.041414,0.04199,0.041414,0.041748,694.512,1509785999999,28.92616456,564,346.696,14.4476467,152848.570873
84,1509786000000,0.041692,0.041952,0.041691,0.041859,981.883,1509787799999,41.0865639,699,368.191,15.41186685,153121.019478
85,1509787800000,0.041856,0.042135,0.04184,0.042021,819.778,1509789599999,34.35620924,544,270.374,11.34280232,153113.436435
86,1509789600000,0.042035,0.042867,0.042003,0.0427,1609.219,1509791399999,68.29020977,1455,723.702,30.77653906,153839.634735
87,1509791400000,0.042716,0.042814,0.04238,0.042386,955.421,1509793199999,40.70337416,786,394.329,16.81945284,153938.771663
88,1509793200000,0.042386,0.042428,0.042117,0.042314,613.321,1509794999999,25.9217977,920,284.734,12.04683266,154081.189052
89,1509795000000,0.042314,0.042428,0.0422,0.042292,694.906,1509796799999,29.37414556,603,273.034,11.5485755,154177.292154
90,1509796800000,0.042425,0.042425,0.04223,0.042299,521.71,1509798599999,22.05611984,549,232.623,9.84279779,154693.959812
91,1509798600000,0.042293,0.042363,0.042183,0.04223,715.801,1509800399999,30.24573727,604,330.355,13.96720604,154632.926754
92,1509800400000,0.04223,0.04224,0.04168,0.041719,804.08,1509802199999,33.74342804,944,294.78,12.36323264,148562.46984
93,1509802200000,0.041693,0.041783,0.040973,0.041076,1643.435,1509803999999,67.93384998,1606,683.502,28.28309886,148507.579549
94,1509804000000,0.041263,0.041372,0.04087,0.041157,907.929,1509805799999,37.28817453,1022,406.674,16.71592837,148980.457553
95,1509805800000,0.041164,0.041349,0.041,0.041155,635.123,1509807599999,26.12197621,629,172.649,7.10811495,149096.905519
96,1509807600000,0.041155,0.041372,0.041021,0.041021,653.362,1509809399999,26.93166809,749,290.409,11.97555846,149263.34139
97,1509809400000,0.041118,0.041253,0.040967,0.041081,714.411,1509811199999,29.3577706,750,302.623,12.44448483,148444.734764
98,1509811200000,0.040986,0.041092,0.040333,0.040458,1039.28,1509812999999,42.27679077,965,449.713,18.29282103,148629.334733
99,1509813000000,0.040622,0.040688,0.040316,0.040505,497.417,1509814799999,20.12128303,669,209.663,8.4872951,148648.607659
100,1509814800000,0.040502,0.040772,0.040359,0.040676,638.302,1509816599999,25.90235069,646,326.724,13.2639395,149207.636
101,1509816600000,0.040699,0.040904,0.040635,0.040796,502.452,1509818399999,20.50638361,707,240.798,9.83175227,149156.49118
102,1509818400000,0.040799,0.040881,0.040624,0.040645,312.215,1509820199999,12.72113127,339,134.278,5.47500227,149198.737172
103,1509820200000,0.040706,0.040821,0.040615,0.040647,447.908,1509821999999,18.23270353,480,198.122,8.06913607,149117.419137
104,1509822000000,0.040682,0.04083,0.040366,0.040579,495.839,1509823799999,20.13353568,483,162.22,6.59211449,149312.926759
105,1509823800000,0.040578,0.040635,0.04026,0.04026,335.018,1509825599999,13.54383158,379,169.852,6.87403285,149343.564253
106,1509825600000,0.040261,0.0404,0.039802,0.040069,717.739,1509827399999,28.81957649,779,228.626,9.1956508,149306.764575
107,1509827400000,0.040069,0.040392,0.039866,0.04001,284.42,1509829199999,11.39781217,446,110.396,4.42916014,149392.595632
108,1509829200000,0.040149,0.040175,0.039816,0.039817,507.058,1509830999999,20.25505267,471,240.872,9.63184512,149454.179387
109,1509831000000,0.039848,0.040137,0.039755,0.039879,420.206,1509832799999,16.78769636,366,223.963,8.95323645,149527.838965
110,1509832800000,0.039994,0.040353,0.039916,0.040227,569.88,1509834599999,22.9074033,408,206.082,8.28597419,148967.581396
111,1509834600000,0.040247,0.040562,0.040227,0.040406,760.058,1509836399999,30.7271622,490,345.326,13.96703364,149057.582175
112,1509836400000,0.040401,0.040602,0.040227,0.040253,511.228,1509838199999,20.63762255,530,267.889,10.818098,149019.121415
113,1509838200000,0.040273,0.040643,0.040227,0.040575,781.012,1509839999999,31.5736758,638,403.772,16.32960254,149491.743285
114,1509840000000,0.040535,0.040916,0.040535,0.0408,509.393,1509841799999,20.74432334,523,214.398,8.73979976,149453.064226
115,1509841800000,0.0408,0.040981,0.040694,0.040728,468.567,1509843599999,19.13013389,477,217.712,8.8947656,149484.252295
116,1509843600000,0.040795,0.040853,0.040465,0.040651,458.777,1509845399999,18.65098554,685,176.812,7.19392758,149441.545154
117,1509845400000,0.040612,0.040643,0.040407,0.0405,584.751,1509847199999,23.72451051,459,323.545,13.13379151,149233.275365
118,1509847200000,0.040526,0.040749,0.040448,0.04061,619.442,1509848999999,25.15413109,609,188.233,7.64496048,149278.745462
119,1509849000000,0.04061,0.04075,0.040508,0.040541,710.746,1509850799999,28.88391526,571,360.408,14.6536035,149406.407861
120,1509850800000,0.040589,0.040779,0.04026,0.040633,744.005,1509852599999,30.2227901,572,295.206,12.00159866,149653.143961
121,1509852600000,0.040646,0.040646,0.040279,0.040412,705.761,1509854399999,28.55721839,765,361.519,14.63651739,149884.033983
122,1509854400000,0.040401,0.040599,0.040351,0.040486,516.919,1509856199999,20.91295488,532,300.988,12.18362487,149832.894314
123,1509856200000,0.040361,0.040477,0.040227,0.04028,1032.066,1509857999999,41.64433759,702,325.55,13.14985185,150066.230525
124,1509858000000,0.040393,0.0404,0.040236,0.040388,627.441,1509859799999,25.30583908,528,198.013,7.9919648,150166.211351
125,1509859800000,0.040387,0.040388,0.040227,0.040282,838.63,1509861599999,33.78387575,550,325.98,13.13977212,150601.959486
126,1509861600000,0.040272,0.040345,0.040094,0.040137,809.676,1509863399999,32.57050101,967,390.328,15.70057361,150331.620277
127,1509863400000,0.040143,0.040391,0.040136,0.040196,627.298,1509865199999,25.24996154,603,288.595,11.62201041,150783.263696
128,1509865200000,0.040136,0.040688,0.0401,0.04052,843.697,1509866999999,34.13412437,823,420.667,17.02553351,150884.567911
129,1509867000000,0.040534,0.040587,0.040231,0.040306,526.183,1509868799999,21.27121774,652,240.393,9.72393992,153314.564199
130,1509868800000,0.040205,0.040352,0.04009,0.04011,826.337,1509870599999,33.22405922,674,262.576,10.570277,153753.685299
131,1509870600000,0.040111,0.040349,0.040111,0.040234,687.873,1509872399999,27.65515854,815,305.638,12.29653653,153800.197832
132,1509872400000,0.040244,0.040281,0.04008,0.040197,792.393,1509874199999,31.835033,769,420.204,16.89176452,153456.534713
133,1509874200000,0.040199,0.040422,0.040038,0.040151,934.539,1509875999999,37.53487782,848,476.036,19.12782491,153661.553786
134,1509876000000,0.040219,0.040278,0.04,0.040108,582.562,1509877799999,23.38749613,736,230.739,9.27222514,153856.224954
135,1509877800000,0.040142,0.0403,0.04005,0.040206,631.097,1509879599999,25.33918056,577,269.911,10.84212554,153770.32691
136,1509879600000,0.040129,0.040248,0.039421,0.039562,1027.567,1509881399999,41.00291859,1032,419.195,16.74274075,154124.261835
137,1509881400000,0.039465,0.039862,0.039255,0.039483,1021.581,1509883199999,40.42256387,1016,455.982,18.06087636,154028.983317
138,1509883200000,0.0394,0.0396,0.039251,0.039521,883.697,1509884999999,34.86013228,955,344.675,13.606829,154509.619014
139,1509885000000,0.039519,0.039669,0.039258,0.039292,1044.839,1509886799999,41.24349007,869,465.1,18.35467819,154599.845493
140,1509886800000,0.039292,0.039538,0.039212,0.039247,942.816,1509888599999,37.07492127,766,604.013,23.76053799,157239.42863
141,1509888600000,0.039255,0.039372,0.03908,0.03918,1299.987,1509890399999,50.97385914,1043,546.65,21.46005259,164809.065871
142,1509890400000,0.039256,0.039481,0.039091,0.039423,899.286,1509892199999,35.33840893,777,351.321,13.81174984,164731.230142
143,1509892200000,0.039423,0.039494,0.039181,0.039367,808.376,1509893999999,31.80473642,706,320.821,12.62929801,164084.759102
144,1509894000000,0.039372,0.039485,0.03908,0.03927,934.528,1509895799999,36.6617951,917,266.924,10.47948533,163712.577798
145,1509895800000,0.03927,0.039433,0.039143,0.039244,909.453,1509897599999,35.71439562,781,433.57,17.04072164,163791.386859
146,1509897600000,0.039244,0.039595,0.039197,0.039469,769.088,1509899399999,30.31953115,626,288.346,11.3670124,163859.372136
147,1509899400000,0.039467,0.039529,0.039255,0.039442,520.08,1509901199999,20.49043392,458,181.696,7.16365971,164331.283081
148,1509901200000,0.039392,0.039603,0.039392,0.039521,658.658,1509902999999,26.01570509,388,189.226,7.47417332,164300.339901
149,1509903000000,0.039531,0.039603,0.039376,0.039435,406.053,1509904799999,16.02736767,336,243.109,9.59805346,164265.70601
150,1509904800000,0.039417,0.039434,0.039081,0.039097,258.749,1509906599999,10.15386579,322,106.276,4.17785739,164917.59256
151,1509906600000,0.039096,0.039194,0.039003,0.039098,452.56,1509908399999,17.69615209,362,194.789,7.62068931,164941.499014
152,1509908400000,0.039136,0.039191,0.039002,0.039004,483.213,1509910199999,18.88796799,445,254.613,9.95843916,164969.099911
153,1509910200000,0.039016,0.039105,0.039,0.039066,542.695,1509911999999,21.17762082,456,170.107,6.64223052,165002.892237
154,1509912000000,0.039,0.039293,0.038815,0.039222,692.516,1509913799999,27.02820007,482,295.523,11.53749559,164899.719561
155,1509913800000,0.039222,0.03944,0.03921,0.039402,627.087,1509915599999,24.65147281,506,291.628,11.47415335,165184.90312
156,1509915600000,0.039398,0.040059,0.039345,0.039779,895.327,1509917399999,35.48542103,569,413.761,16.43466383,165500.270318
157,1509917400000,0.039791,0.040363,0.039672,0.040287,837.997,1509919199999,33.46717428,608,358.076,14.31667813,165376.054559
158,1509919200000,0.040287,0.0404,0.039816,0.039985,754.615,1509920999999,30.25090134,429,367.038,14.72681907,165250.497721
159,1509921000000,0.039985,0.040402,0.039869,0.040244,488.189,1509922799999,19.55763679,360,272.618,10.9303728,164630.201551
160,1509922800000,0.040242,0.0405,0.040154,0.040335,744.122,1509924599999,30.01175494,540,220.905,8.92293535,163916.447435
161,1509924600000,0.040436,0.040506,0.039857,0.040147,451.776,1509926399999,18.16290777,444,190.101,7.64993234,163794.630098
162,1509926400000,0.04014,0.040234,0.039856,0.040042,349.242,1509928199999,13.98833781,247,176.136,7.06342401,163634.111585
163,1509928200000,0.040175,0.040347,0.040008,0.040185,595.11,1509929999999,23.93817727,452,296.141,11.91822783,163704.04357
164,1509930000000,0.040166,0.040215,0.040065,0.040156,449.15,1509931799999,18.02790786,501,220.994,8.87498572,163779.978053
165,1509931800000,0.040091,0.040203,0.039978,0.040013,587.181,1509933599999,23.52383201,540,270.942,10.86071278,163807.994945
166,1509933600000,0.040099,0.040186,0.039886,0.039963,598.778,1509935399999,23.9708749,623,292.102,11.70448822,163793.458935
167,1509935400000,0.039961,0.04054,0.039961,0.040184,1190.141,1509937199999,47.8168644,866,753.885,30.31128091,163629.207551
168,1509937200000,0.040198,0.04083,0.040092,0.040825,1675.329,1509938999999,67.87081948,1431,866.312,35.09909351,163398.777412
169,1509939000000,0.040772,0.040852,0.040538,0.040574,1216.188,1509940799999,49.46363917,800,465.313,18.94525744,163721.783005
170,1509940800000,0.040587,0.041119,0.040509,0.041006,1325.61,1509942599999,54.14456662,1055,678.52,27.72848772,163763.847543
171,1509942600000,0.041019,0.04125,0.040587,0.040692,894.445,1509944399999,36.55510586,844,392.758,16.0748808,163950.24232
172,1509944400000,0.0407,0.04081,0.04021,0.040357,754.565,1509946199999,30.53882661,630,325.261,13.18014154,164152.821471
173,1509946200000,0.040319,0.040432,0.040217,0.0403,941.359,1509947999999,37.95245015,552,276.179,11.14196817,164108.737133
174,1509948000000,0.040371,0.040568,0.0403,0.0403,743.476,1509949799999,30.00775578,665,311.121,12.56859826,164098.051019
175,1509949800000,0.040425,0.040479,0.04018,0.040274,946.023,1509951599999,38.14231084,655,401.707,16.2135284,163929.221136
176,1509951600000,0.040258,0.040441,0.04018,0.0402,778.999,1509953399999,31.37510901,644,362.281,14.60493943,163989.411938
177,1509953400000,0.0402,0.040544,0.0402,0.04037,880.334,1509955199999,35.56353975,622,437.522,17.68313899,163897.929733
178,1509955200000,0.040419,0.04057,0.040274,0.040342,984.68,1509956999999,39.79617786,617,507.221,20.51215499,155208.852817
179,1509957000000,0.040304,0.040586,0.04018,0.040324,1110.475,1509958799999,44.77228916,820,600.835,24.24378813,155622.325085
180,1509958800000,0.040308,0.0405,0.040285,0.0405,865.951,1509960599999,35.01682613,693,427.914,17.30902991,155784.866135
181,1509960600000,0.0405,0.040708,0.040344,0.040643,1174.839,1509962399999,47.61899115,765,635.149,25.75837211,155256.47361
182,1509962400000,0.040462,0.040932,0.040453,0.040883,1101.673,1509964199999,44.88565026,850,471.055,19.20631772,155204.190465
183,1509964200000,0.040833,0.040953,0.040732,0.04081,820.77,1509965999999,33.53091204,606,279.576,11.43116635,155449.018065
184,1509966000000,0.040795,0.041125,0.040714,0.041009,971.507,1509967799999,39.79768929,804,445.452,18.25649368,155615.316129
185,1509967800000,0.041008,0.041103,0.041,0.041031,920.085,1509969599999,37.74016114,734,294.21,12.07385249,155904.985996
186,1509969600000,0.041022,0.041299,0.04083,0.040935,1084.396,1509971399999,44.53612984,747,478.681,19.68227011,156017.980689
187,1509971400000,0.040991,0.041054,0.04081,0.040934,902.337,1509973199999,36.94412317,647,545.201,22.33014418,156309.559968
188,1509973200000,0.040908,0.04122,0.04088,0.040958,821.999,1509974999999,33.69998476,606,462.137,18.95224799,156477.297792
189,1509975000000,0.040957,0.041153,0.040868,0.040951,695.548,1509976799999,28.51018648,586,260.384,10.68416138,157153.357772
190,1509976800000,0.04095,0.041271,0.040878,0.041191,1128.371,1509978599999,46.336218,647,699.327,28.73024164,157528.493934
191,1509978600000,0.04114,0.041212,0.041018,0.041064,763.556,1509980399999,31.42482719,699,405.958,16.71529536,157643.841804
192,1509980400000,0.041171,0.041551,0.041021,0.041551,1188.54,1509982199999,49.05449048,867,559.913,23.12381523,157658.8192
193,1509982200000,0.041517,0.042117,0.041515,0.042,1394.248,1509983999999,58.40803816,1187,665.152,27.86132078,157604.817192
194,1509984000000,0.042004,0.042004,0.041373,0.041923,752.738,1509985799999,31.44194407,897,377.599,15.78574773,157580.322555
195,1509985800000,0.041848,0.042009,0.041653,0.04191,676.016,1509987599999,28.31503503,583,318.642,13.34978985,157544.709834
196,1509987600000,0.041917,0.0423,0.041916,0.042238,996.652,1509989399999,41.94020229,748,413.297,17.40903427,157479.074264
197,1509989400000,0.042238,0.042441,0.042115,0.042299,719.086,1509991199999,30.42297106,707,377.392,15.98064229,157522.315508
198,1509991200000,0.04222,0.042285,0.042,0.042243,513.924,1509992999999,21.61757351,561,174.705,7.35494275,157515.506738
199,1509993000000,0.042033,0.042971,0.04203,0.042783,625.612,1509994799999,26.57374572,577,292.315,12.42861703,157489.879997
200,1509994800000,0.042789,0.043327,0.04276,0.043249,1278.523,1509996599999,55.12573991,970,718.131,30.98006421,157013.163035
201,1509996600000,0.043249,0.0435,0.042933,0.043228,1388.293,1509998399999,60.0584366,1085,414.218,17.9235952,157093.677185
202,1509998400000,0.043225,0.04334,0.042115,0.04247,937.092,1510000199999,40.11532329,796,395.334,16.93632427,157246.50279
203,1510000200000,0.042449,0.042797,0.042188,0.042246,855.925,1510001999999,36.32815605,826,478.372,20.32864229,157475.88639
204,1510002000000,0.04223,0.042475,0.042023,0.042214,477.357,1510003799999,20.15173327,511,209.514,8.84752046,157658.497526
205,1510003800000,0.042214,0.042416,0.042001,0.042118,654.763,1510005599999,27.6304168,596,379.68,16.02584963,157843.500904
206,1510005600000,0.042115,0.042345,0.0412,0.041746,728.339,1510007399999,30.55627051,716,318.619,13.40505367,157926.461234
207,1510007400000,0.04199,0.0428,0.041754,0.042537,599.704,1510009199999,25.37216521,613,277.9,11.76153601,157690.294887
208,1510009200000,0.04252,0.042931,0.042342,0.042415,1894.837,1510010999999,80.70117718,1216,1073.703,45.71536483,157592.641499
209,1510011000000,0.042355,0.04287,0.04225,0.042641,1140.949,1510012799999,48.51590938,998,740.661,31.51472853,157485.373508
210,1510012800000,0.042643,0.042926,0.04189,0.042205,2291.101,1510014599999,96.8286007,1310,1117.705,47.25002353,157787.054099
211,1510014600000,0.042123,0.042225,0.041653,0.041877,1296.348,1510016399999,54.45881652,895,723.356,30.42706631,157759.965213
212,1510016400000,0.041882,0.042513,0.041797,0.04244,751.887,1510018199999,31.7243143,721,287.219,12.13956789,157722.34576
213,1510018200000,0.04244,0.042533,0.042277,0.042344,1049.573,1510019999999,44.47012248,797,653.348,27.6997267,157721.588013
214,1510020000000,0.042386,0.042717,0.042329,0.042545,508.031,1510021799999,21.61507406,682,275.414,11.72690871,157627.470833
215,1510021800000,0.042545,0.042696,0.042368,0.042525,1178.914,1510023599999,50.17784378,882,392.868,16.72303261,157727.131779
216,1510023600000,0.042511,0.042634,0.042005,0.042225,833.621,1510025399999,35.29197671,689,456.151,19.31483215,157828.54246
217,1510025400000,0.042241,0.04226,0.041687,0.042053,821.499,1510027199999,34.53112301,800,433.591,18.24357608,157845.237735
218,1510027200000,0.042001,0.04214,0.04175,0.041807,722.824,1510028999999,30.31848914,701,363.596,15.26693446,158269.440705
219,1510029000000,0.041945,0.042021,0.041585,0.041662,941.932,1510030799999,39.40913331,896,512.844,21.47378076,158196.676075
220,1510030800000,0.041662,0.041685,0.0414,0.041494,898.939,1510032599999,37.35856381,1020,445.093,18.50675971,157818.668809
221,1510032600000,0.041423,0.041937,0.041421,0.041786,1174.401,1510034399999,48.92927175,1195,572.134,23.85862924,158321.00315
222,1510034400000,0.041786,0.04217,0.041549,0.041777,861.774,1510036199999,36.04930879,694,441.22,18.47405019,158498.412609
223,1510036200000,0.041751,0.042091,0.0417,0.04183,644.121,1510037999999,26.94472082,741,359.089,15.02877728,158399.091413
224,1510038000000,0.041831,0.04197,0.04161,0.041831,937.877,1510039799999,39.16083472,730,335.158,14.01763726,158440.491261
225,1510039800000,0.041681,0.041955,0.04163,0.041722,689.45,1510041599999,28.78595553,740,256.571,10.72262306,158394.057024
226,1510041600000,0.041749,0.042102,0.041725,0.041907,585.048,1510043399999,24.50947915,806,283.411,11.88197603,159258.942499
227,1510043400000,0.041903,0.042207,0.041538,0.04192,881.248,1510045199999,36.89252273,650,325.008,13.64061198,159346.835366
228,1510045200000,0.041829,0.042164,0.041676,0.041821,661.952,1510046999999,27.75462164,701,357.854,15.02476721,159639.533158
229,1510047000000,0.041835,0.042065,0.041681,0.041981,944.45,1510048799999,39.52069663,797,335.63,14.06597094,160058.351816
230,1510048800000,0.041981,0.042,0.041835,0.041966,643.434,1510050599999,26.97186936,589,296.423,12.43626008,160210.229786
231,1510050600000,0.041999,0.042239,0.041917,0.042046,539.928,1510052399999,22.69355224,467,319.095,13.41636952,160094.18715
232,1510052400000,0.042045,0.04225,0.04192,0.041989,575.201,1510054199999,24.18686084,555,363.24,15.28506116,159943.953989
233,1510054200000,0.041988,0.042427,0.041971,0.042249,631.777,1510055999999,26.63629718,911,266.377,11.23521049,160207.754941
234,1510056000000,0.042249,0.042294,0.041795,0.041846,1178.999,1510057799999,49.64710285,977,491.421,20.6758771,159999.786483
235,1510057800000,0.041957,0.042035,0.041557,0.041621,859.141,1510059599999,35.84141927,873,373.952,15.60576558,160182.120263
236,1510059600000,0.041646,0.041968,0.041412,0.04158,1277.731,1510061399999,53.10717234,1319,610.101,25.37985743,160101.757703
237,1510061400000,0.041711,0.04174,0.04134,0.041487,1213.434,1510063199999,50.34314019,1240,522.004,21.66987917,160480.45995
238,1510063200000,0.0415,0.041675,0.041289,0.04135,1070.518,1510064999999,44.33285208,933,599.178,24.82341402,161023.419384
239,1510065000000,0.041368,0.04139,0.041,0.041298,1594.894,1510066799999,65.66444058,1318,970.42,39.95038214,161528.32299
240,1510066800000,0.041269,0.041297,0.041018,0.041178,1370.146,1510068599999,56.4007669,1264,662.557,27.29748361,161797.807983
241,1510068600000,0.04108,0.041239,0.041001,0.041166,1166.241,1510070399999,47.95234456,979,572.407,23.55134354,161688.19528
242,1510070400000,0.041183,0.04125,0.041098,0.041131,854.864,1510072199999,35.22427848,764,403.727,16.6454217,161084.981923
243,1510072200000,0.041206,0.0413,0.0405,0.041183,1198.377,1510073999999,49.20424479,668,330.763,13.63245022,160877.957525
244,1510074000000,0.0413,0.041454,0.041215,0.041341,625.229,1510075799999,25.84541668,713,329.53,13.63072274,160859.970211
245,1510075800000,0.041287,0.041427,0.04117,0.041322,566.59,1510077599999,23.39251143,606,276.586,11.42891877,160979.892478
246,1510077600000,0.041259,0.04142,0.04117,0.041202,611.574,1510079399999,25.25401237,626,304.222,12.5717016,161051.198693
247,1510079400000,0.041171,0.041249,0.040835,0.041015,699.622,1510081199999,28.73173611,616,331.239,13.61574117,160977.964318
248,1510081200000,0.040917,0.041289,0.040836,0.041082,440.946,1510082999999,18.12299383,564,184.283,7.58208335,161199.36495
249,1510083000000,0.041082,0.04125,0.04099,0.041136,506.599,1510084799999,20.81564375,544,198.733,8.17274918,161538.536072
250,1510084800000,0.041135,0.041495,0.040999,0.041322,620.944,1510086599999,25.60188992,663,345.678,14.26033028,161799.846565
251,1510086600000,0.041345,0.041348,0.041,0.04132,1167.308,1510088399999,48.03086169,596,838.215,34.46501906,161680.236485
252,1510088400000,0.041341,0.041591,0.041147,0.041581,626.554,1510090199999,25.90808394,649,300.427,12.42901542,161918.44754
253,1510090200000,0.041581,0.041611,0.04142,0.04149,479.71,1510091999999,19.91779782,487,202.472,8.41110772,161736.732382
254,1510092000000,0.041503,0.0417,0.041405,0.041416,479.52,1510093799999,19.91559516,556,198.633,8.25622206,161808.39408
255,1510093800000,0.041665,0.041694,0.041261,0.041395,595.398,1510095599999,24.6782173,691,307.391,12.75248624,162030.947741
256,1510095600000,0.041277,0.041408,0.041044,0.0412,701.584,1510097399999,28.92393815,577,381.8,15.75150811,162091.558161
257,1510097400000,0.0412,0.041291,0.041001,0.041049,797.33,1510099199999,32.78379911,690,357.908,14.71993523,163370.126202
258,1510099200000,0.041133,0.041218,0.040927,0.041131,724.99,1510100999999,29.78374011,555,299.868,12.3439825,163079.182271
259,1510101000000,0.041131,0.041364,0.041052,0.041299,636.038,1510102799999,26.20806702,613,310.592,12.80692065,163035.777584
260,1510102800000,0.041171,0.041399,0.0405,0.040565,1496.443,1510104599999,61.26589456,1074,666.916,27.36217871,162033.423589
261,1510104600000,0.040564,0.040651,0.040031,0.040267,1210.279,1510106399999,48.84437225,1070,440.245,17.78076054,162119.463678
262,1510106400000,0.040299,0.040488,0.04003,0.040331,768.816,1510108199999,30.9625079,638,303.586,12.23902333,162098.488593
263,1510108200000,0.040331,0.040486,0.040018,0.040348,942.992,1510109999999,38.00237228,796,477.522,19.26006829,161987.894762
264,1510110000000,0.04034,0.040486,0.040071,0.040175,1100.294,1510111799999,44.290913,938,505.917,20.39338899,162064.318061
265,1510111800000,0.04023,0.040377,0.04009,0.040139,1008.213,1510113599999,40.53108668,829,435.283,17.52064309,162632.999081
266,1510113600000,0.040138,0.040808,0.04013,0.040444,1515.814,1510115399999,61.23637538,1006,768.044,31.08225795,162641.335274
267,1510115400000,0.04046,0.040619,0.04025,0.04033,787.118,1510117199999,31.79729395,709,302.849,12.24223802,162514.100597
268,1510117200000,0.040349,0.040591,0.040286,0.040404,956.928,1510118999999,38.66889217,889,356.101,14.40491936,162253.8935
269,1510119000000,0.040389,0.040547,0.0403,0.04041,1300.516,1510120799999,52.52965385,1069,675.672,27.31445477,161444.517258
270,1510120800000,0.040327,0.04054,0.040215,0.0403,1261.126,1510122599999,50.89239658,1005,592.543,23.93663889,161749.448266
271,1510122600000,0.040284,0.040418,0.040201,0.040302,1284.33,1510124399999,51.73220049,938,635.127,25.59349725,162470.501203
272,1510124400000,0.040311,0.040455,0.0403,0.04032,962.876,1510126199999,38.87101268,1058,302.725,12.23373229,162646.70983
273,1510126200000,0.04042,0.04056,0.040201,0.040398,1025.528,1510127999999,41.41280864,942,375.635,15.18226125,162823.380432
274,1510128000000,0.040398,0.040639,0.040277,0.040435,611.909,1510129799999,24.73237195,629,244.206,9.8801204,162646.016732
275,1510129800000,0.040405,0.040562,0.040274,0.040498,650.249,1510131599999,26.26170999,491,231.417,9.35010568,162813.191031
276,1510131600000,0.040484,0.040723,0.040382,0.04056,1180.5,1510133399999,47.76925457,940,666.361,26.97782576,162729.994869
277,1510133400000,0.040565,0.040786,0.04046,0.040581,805.688,1510135199999,32.71898682,565,274.607,11.16096338,162598.923821
278,1510135200000,0.040618,0.04081,0.040426,0.04075,664.988,1510136999999,27.02000195,723,291.427,11.85706423,162534.387154
279,1510137000000,0.040749,0.04078,0.040559,0.040683,1124.122,1510138799999,45.70579913,969,473.689,19.29234983,162427.386445
280,1510138800000,0.040604,0.040774,0.040318,0.040502,1051.651,1510140599999,42.5992092,957,287.586,11.66458282,161917.49744
281,1510140600000,0.040501,0.040604,0.040039,0.040106,1280.289,1510142399999,51.5122008,1073,405.941,16.34642984,161902.756389
282,1510142400000,0.040113,0.040282,0.039926,0.040119,1060.149,1510144199999,42.49869829,827,431.69,17.32602401,162078.533658
283,1510144200000,0.039959,0.040155,0.039821,0.039986,685.343,1510145999999,27.42027823,711,285.233,11.42534768,161942.725303
284,1510146000000,0.040098,0.040317,0.039773,0.040132,730.966,1510147799999,29.3024191,764,425.435,17.06515562,162242.96762
285,1510147800000,0.04015,0.04029,0.03997,0.040062,777.084,1510149599999,31.19475068,792,359.733,14.45388151,162522.879863
286,1510149600000,0.040062,0.040273,0.040021,0.040106,957.78,1510151399999,38.43856259,748,488.437,19.61628801,163124.410222
287,1510151400000,0.040106,0.040219,0.03993,0.040023,1054.147,1510153199999,42.23280807,764,482.529,19.34341285,162804.811186
288,1510153200000,0.040022,0.040168,0.039872,0.040048,951.674,1510154999999,38.09902975,721,345.558,13.84850544,162717.054311
289,1510155000000,0.040025,0.040169,0.039881,0.04004,945.723,1510156799999,37.84962998,511,456.518,18.28770426,162746.965502
290,1510156800000,0.040054,0.040333,0.039968,0.040216,809.63,1510158599999,32.50455935,671,481.927,19.35623728,162637.151908
291,1510158600000,0.040197,0.040301,0.039941,0.04012,632.835,1510160399999,25.39668554,447,361.456,14.51439695,162660.813979
292,1510160400000,0.040143,0.040199,0.0385,0.03851,2714.564,1510162199999,106.72692347,2133,1151.327,45.36449572,162744.60394
293,1510162200000,0.038842,0.040845,0.0385,0.040636,6501.409,1510163999999,257.45563209,4957,3184.579,126.2897134,163110.93866
294,1510164000000,0.040426,0.044668,0.040426,0.043847,6724.73,1510165799999,282.94729707,4682,3011.657,126.83656863,164249.508982
295,1510165800000,0.043892,0.046194,0.043,0.043837,6016.916,1510167599999,267.82185886,3532,2352.287,104.97940283,166919.823729
296,1510167600000,0.043214,0.043848,0.0418,0.042507,3323.419,1510169399999,142.20107832,2170,1592.807,68.25533544,168328.09819
297,1510169400000,0.042507,0.044228,0.042505,0.044122,1933.484,1510171199999,83.58194006,1394,903.093,39.08329478,169100.816323
298,1510171200000,0.044228,0.046,0.0441,0.044979,3765.142,1510172999999,168.57522886,1899,1546.336,69.30078395,169203.474253
299,1510173000000,0.044981,0.045103,0.043593,0.044018,1965.985,1510174799999,87.20522765,1518,962.092,42.64832487,168753.45707
300,1510174800000,0.04402,0.044151,0.04275,0.04281,1721.007,1510176599999,75.11974004,1297,644.427,28.14573506,169476.173208
301,1510176600000,0.042813,0.043793,0.04281,0.043367,1740.095,1510178399999,75.30665544,1159,873.415,37.84409166,170094.904366
302,1510178400000,0.043367,0.043833,0.042507,0.042507,1372.836,1510180199999,58.90152329,1031,625.279,26.84804764,170200.814114
303,1510180200000,0.042505,0.042672,0.041782,0.042032,1528.68,1510181999999,64.49353726,965,770.029,32.50432084,170196.077671
304,1510182000000,0.042126,0.042394,0.041735,0.04205,1195.626,1510183799999,50.29754059,889,502.269,21.16051503,170111.118475
305,1510183800000,0.041985,0.042116,0.041418,0.041421,920.774,1510185599999,38.41172979,835,447.066,18.67134384,170293.235295
306,1510185600000,0.0416,0.042,0.04129,0.041718,1490.802,1510187399999,62.18133324,1013,664.862,27.73642262,170360.951125
307,1510187400000,0.041719,0.0425,0.041709,0.04248,1440.425,1510189199999,60.66394954,1447,699.737,29.48122863,170580.253017
308,1510189200000,0.042364,0.042998,0.042001,0.042817,1342.904,1510190999999,56.98032077,1110,549.089,23.30206912,172792.314395
309,1510191000000,0.042803,0.043599,0.042,0.042101,1589.874,1510192799999,67.6116647,1359,734.761,31.29933594,172781.611534
310,1510192800000,0.042269,0.0424,0.04187,0.042144,1296.696,1510194599999,54.54423028,1118,583.665,24.5596641,173834.86879
311,1510194600000,0.041943,0.042299,0.04181,0.042269,1483.115,1510196399999,62.34231221,1032,654.896,27.54301222,174676.95366
312,1510196400000,0.042248,0.042288,0.041798,0.041798,1213.139,1510198199999,51.10553283,931,550.839,23.23655686,175063.97302
313,1510198200000,0.041996,0.042314,0.041817,0.042194,1345.033,1510199999999,56.67487305,907,661.154,27.86922089,175267.951076
314,1510200000000,0.042226,0.042444,0.042026,0.042322,1288.814,1510201799999,54.42937976,1052,642.19,27.14594821,175512.077257
315,1510201800000,0.042299,0.042582,0.042246,0.042478,1316.307,1510203599999,55.88580346,1030,564.697,23.98437402,175730.777994
316,1510203600000,0.042515,0.04252,0.042177,0.04225,1025.865,1510205399999,43.50661917,873,508.316,21.57463995,176374.338508
317,1510205400000,0.042202,0.042503,0.042199,0.042466,915.433,1510207199999,38.76464463,705,544.837,23.08438236,176129.401039
318,1510207200000,0.042368,0.042639,0.042272,0.042485,877.345,1510208999999,37.21849054,703,461.455,19.58361158,175932.30736
319,1510209000000,0.0425,0.04278,0.042432,0.042613,1169.005,1510210799999,49.76402674,965,554.391,23.62219006,176335.616903
320,1510210800000,0.042585,0.043,0.04247,0.043,951.105,1510212599999,40.5290995,601,526.02,22.44311671,176883.035156
321,1510212600000,0.04265,0.042986,0.042638,0.042813,1251.57,1510214399999,53.49756622,692,612.542,26.20837501,177034.092717
322,1510214400000,0.042832,0.043749,0.042823,0.043647,1718.928,1510216199999,74.18340805,1481,736.364,31.83219381,177254.095239
323,1510216200000,0.043648,0.044,0.043411,0.043573,1710.519,1510217999999,74.73650778,994,815.999,35.70457022,177543.28715
324,1510218000000,0.043705,0.044051,0.043319,0.043651,1782.235,1510219799999,77.82336969,1207,893.384,39.01444918,177450.854353
325,1510219800000,0.043651,0.04388,0.043349,0.043458,1204.633,1510221599999,52.42530819,1007,512.261,22.32045194,178428.545946
326,1510221600000,0.043458,0.043524,0.043207,0.043376,981.341,1510223399999,42.56888396,702,365.745,15.87461951,178728.894443
327,1510223400000,0.043388,0.043725,0.043384,0.043524,1062.525,1510225199999,46.29500346,610,501.948,21.8847099,179553.23985
328,1510225200000,0.043628,0.044123,0.043532,0.044004,1400.771,1510226999999,61.40166192,852,574.823,25.2051683,179047.488813
329,1510227000000,0.044004,0.044635,0.043789,0.044423,1545.454,1510228799999,68.35252803,1483,777.448,34.42332255,179389.831513
330,1510228800000,0.044608,0.045269,0.04436,0.044907,1607.511,1510230599999,71.94630851,1333,772.936,34.60772922,179247.906781
331,1510230600000,0.045257,0.045257,0.044357,0.044406,1094.417,1510232399999,49.02256769,996,514.179,23.05027734,179582.157431
332,1510232400000,0.044406,0.044861,0.044291,0.044544,1017.36,1510234199999,45.29807745,958,411.646,18.35512699,179904.696567
333,1510234200000,0.044545,0.044759,0.044403,0.044587,592.768,1510235999999,26.4238976,646,263.894,11.77324998,180139.191259
334,1510236000000,0.044724,0.045627,0.04458,0.045322,1796.587,1510237799999,81.01315706,1112,784.734,35.38528299,179897.54112
335,1510237800000,0.045322,0.045628,0.045033,0.045568,1499.15,1510239599999,68.03157373,1068,658.206,29.88875069,180479.274017
336,1510239600000,0.045533,0.046088,0.045287,0.046068,1797.452,1510241399999,82.12167751,1149,778.268,35.62576626,180928.294444
337,1510241400000,0.045914,0.04618,0.045662,0.045893,2216.338,1510243199999,101.84735855,1434,1000.529,45.99890038,181398.15529
338,1510243200000,0.045905,0.046249,0.04564,0.045819,1769.101,1510244999999,81.2175323,1663,748.665,34.41369067,180804.630724
339,1510245000000,0.045781,0.046066,0.0453,0.04554,2141.976,1510246799999,97.95805277,1505,1105.645,50.59766036,180547.921869
340,1510246800000,0.04554,0.04587,0.04528,0.045701,1348.639,1510248599999,61.45445248,990,688.051,31.38611956,181097.277769
341,1510248600000,0.045699,0.0458,0.04551,0.045623,1039.418,1510250399999,47.49579198,934,515.232,23.56421303,182492.33979
342,1510250400000,0.045623,0.0458,0.04535,0.045447,1427.217,1510252199999,65.13893008,924,756.107,34.55619258,182477.41298
343,1510252200000,0.045535,0.0457,0.045414,0.0455,675.838,1510253999999,30.76848605,526,330.323,15.05830865,181339.698314
344,1510254000000,0.045544,0.045862,0.0455,0.045825,893.161,1510255799999,40.79223253,806,452.153,20.66593795,181390.858995
345,1510255800000,0.045825,0.045849,0.045471,0.045784,642.743,1510257599999,29.3638385,683,319.916,14.63103273,181457.632906
346,1510257600000,0.045801,0.045856,0.045503,0.045544,926.681,1510259399999,42.32041363,849,408.596,18.68743167,181487.497941
347,1510259400000,0.045671,0.04574,0.045414,0.045734,889.318,1510261199999,40.51851797,645,425.984,19.42139336,183115.867399
348,1510261200000,0.045734,0.045737,0.045461,0.045624,646.661,1510262999999,29.49670479,524,320.513,14.63275952,183027.031192
349,1510263000000,0.045624,0.045737,0.04508,0.045377,1054.806,1510264799999,47.9846418,479,381.413,17.37847051,182635.499517
350,1510264800000,0.045359,0.045359,0.044443,0.0451,1106.959,1510266599999,49.71428726,722,503.546,22.66086603,182843.910936
351,1510266600000,0.0447,0.045178,0.044501,0.044862,899.182,1510268399999,40.32567756,673,440.65,19.78986418,182747.842484
352,1510268400000,0.04484,0.045074,0.044753,0.044765,934.15,1510270199999,41.94096816,540,405.866,18.24938874,182816.331316
353,1510270200000,0.044764,0.045356,0.044652,0.044871,800.587,1510271999999,36.02190649,569,328.803,14.80115643,182606.271479
354,1510272000000,0.044966,0.044997,0.0443,0.04432,588.317,1510273799999,26.23112793,484,202.163,9.02341305,182726.649655
355,1510273800000,0.044308,0.044707,0.044,0.04401,435.225,1510275599999,19.24296814,355,154.772,6.85550111,182774.115979
356,1510275600000,0.04401,0.044188,0.043655,0.043988,994.89,1510277399999,43.76479275,501,477.779,21.05142515,182996.089958
357,1510277400000,0.04399,0.044244,0.043798,0.044103,736.779,1510279199999,32.46028373,622,416.655,18.37186745,182901.277971
358,1510279200000,0.044147,0.0445,0.04393,0.04411,1220.863,1510280999999,53.87948178,781,518.616,22.90221658,184476.590127
359,1510281000000,0.044105,0.04412,0.043207,0.043962,1837.264,1510282799999,80.44653062,764,559.574,24.62386717,184541.054469
360,1510282800000,0.043939,0.044019,0.043754,0.043913,1024.981,1510284599999,45.01509009,651,443.68,19.50242716,184052.645108
361,1510284600000,0.043801,0.044192,0.043773,0.044089,917.072,1510286399999,40.35594721,684,528.708,23.28235924,183989.223114
362,1510286400000,0.044088,0.044184,0.043895,0.044,790.651,1510288199999,34.81939008,539,368.989,16.25841865,184206.166939
363,1510288200000,0.044,0.044096,0.043785,0.04382,885.426,1510289999999,38.90894805,521,359.036,15.78553573,184223.728144
364,1510290000000,0.043819,0.044069,0.043626,0.0438,1437.096,1510291799999,62.99146578,631,529.158,23.21263805,184368.070405
365,1510291800000,0.0438,0.0442,0.043726,0.044081,1302.989,1510293599999,57.27902602,678,597.895,26.28792687,184640.100701
366,1510293600000,0.044081,0.0445,0.044081,0.044163,1375.521,1510295399999,60.88203148,759,543.97,24.07183815,184793.401132
367,1510295400000,0.044142,0.04422,0.044,0.04411,1056.17,1510297199999,46.60411126,643,541.119,23.89346055,185196.424083
368,1510297200000,0.04411,0.044494,0.04405,0.044239,1651.166,1510298999999,73.06933171,729,596.942,26.4236875,185401.354027
369,1510299000000,0.044239,0.044259,0.043953,0.04418,1045.527,1510300799999,46.14874104,713,485.709,21.44378214,186248.017767
370,1510300800000,0.044178,0.044313,0.044091,0.044149,1441.754,1510302599999,63.67169245,752,663.676,29.32362187,185889.223992
371,1510302600000,0.044137,0.04434,0.04409,0.044121,705.055,1510304399999,31.11905613,534,264.855,11.70332362,185745.294203
372,1510304400000,0.044236,0.0445,0.04409,0.044357,1300.286,1510306199999,57.48198042,697,612.04,27.06508737,185896.508657
373,1510306200000,0.044429,0.04484,0.044333,0.04476,2012.855,1510307999999,89.68044293,1327,615.331,27.43852387,185809.248004
374,1510308000000,0.044765,0.0451,0.044619,0.045031,1460.465,1510309799999,65.50660476,836,646.501,29.02259318,186064.324995
375,1510309800000,0.044938,0.045485,0.044931,0.045435,671.629,1510311599999,30.36864768,616,254.471,11.51248108,186127.223765
376,1510311600000,0.045431,0.046557,0.045402,0.046309,1638.133,1510313399999,75.22802684,997,651.612,29.95402972,185734.858849
377,1510313400000,0.046326,0.046692,0.045363,0.045522,2150.199,1510315199999,98.92192016,1057,1085.23,50.04044332,185963.70711
378,1510315200000,0.045595,0.04605,0.045292,0.045801,1935.59,1510316999999,88.293629,1102,824.006,37.61684488,186342.53199
379,1510317000000,0.045801,0.045805,0.045404,0.045462,2351.333,1510318799999,107.0864907,1217,738.487,33.66887311,186428.522198
380,1510318800000,0.045461,0.045619,0.045132,0.04531,2347.908,1510320599999,106.35235297,1036,646.079,29.29059898,186515.474179
381,1510320600000,0.045274,0.045439,0.044848,0.044872,1226.841,1510322399999,55.44618929,842,521.516,23.58773262,185147.798717
382,1510322400000,0.044915,0.045123,0.044834,0.04485,940.09,1510324199999,42.2549919,633,467.478,21.02006261,185928.565509
383,1510324200000,0.044889,0.045177,0.044822,0.044921,1245.835,1510325999999,55.98833223,794,674.2,30.31408617,185052.692196
384,1510326000000,0.045014,0.045155,0.044871,0.044917,1086.551,1510327799999,48.88890561,722,572.151,25.7516042,182498.560749
385,1510327800000,0.044922,0.045008,0.044259,0.044484,1190.015,1510329599999,53.0635201,666,526.271,23.46845516,181791.731356
386,1510329600000,0.044461,0.044473,0.043997,0.044293,1288.55,1510331399999,56.9995839,904,588.308,26.01846958,181570.527511
387,1510331400000,0.044085,0.044455,0.044054,0.044455,1095.318,1510333199999,48.46709852,777,566.141,25.0743772,181869.648002
388,1510333200000,0.044124,0.044943,0.044124,0.044602,1094.415,1510334999999,48.93722647,861,446.504,19.98143218,181662.120673
389,1510335000000,0.0446,0.044808,0.044252,0.044442,1342.507,1510336799999,59.73304219,704,701.165,31.2136387,181670.341025
390,1510336800000,0.044444,0.044872,0.044442,0.044728,1705.042,1510338599999,76.12982163,845,678.585,30.3151619,181776.774739
391,1510338600000,0.04482,0.045047,0.044401,0.044808,2758.811,1510340399999,123.28071214,1536,1114.467,49.88157463,181810.754539
392,1510340400000,0.04483,0.045101,0.044486,0.044811,2045.938,1510342199999,91.49992051,1117,1052.815,47.12016075,182831.432966
393,1510342200000,0.04477,0.0452,0.044703,0.04507,1430.932,1510343999999,64.33328873,957,524.562,23.60583112,182496.021288
394,1510344000000,0.044978,0.045497,0.044978,0.045336,1019.744,1510345799999,46.17175285,787,451.38,20.45510682,182824.638889
395,1510345800000,0.045485,0.045991,0.045055,0.045552,1822.174,1510347599999,83.13170304,948,629.833,28.75237479,182894.129584
396,1510347600000,0.045667,0.045845,0.04502,0.045307,1762.654,1510349399999,80.23487021,1132,692.768,31.57079681,183135.518334
397,1510349400000,0.045091,0.045689,0.044634,0.045577,1400.716,1510351199999,63.36192053,849,560.9,25.42374492,183222.840332
398,1510351200000,0.045568,0.045584,0.04494,0.045103,1100.156,1510352999999,49.79011435,661,453.855,20.57589009,183820.079114
399,1510353000000,0.045106,0.045211,0.044796,0.045007,937.485,1510354799999,42.23336763,701,462.329,20.84651385,184535.843238
400,1510354800000,0.044849,0.045444,0.044797,0.04498,904.729,1510356599999,40.77013224,480,468.118,21.13052134,184515.825494
401,1510356600000,0.04494,0.04555,0.04479,0.045549,889.932,1510358399999,40.17052441,535,480.306,21.69046484,184373.235498
402,1510358400000,0.045179,0.045293,0.044728,0.045033,1019.636,1510360199999,45.87479029,562,332.55,14.9802325,184549.225343
403,1510360200000,0.04505,0.045178,0.044657,0.044999,1148.219,1510361999999,51.69068396,681,622.192,28.03421814,184502.72318
404,1510362000000,0.044999,0.045048,0.044726,0.044814,943.021,1510363799999,42.28044229,725,581.049,26.05998404,184510.74188
405,1510363800000,0.044814,0.044866,0.044088,0.04437,1060.996,1510365599999,47.29754198,616,579.392,25.84523437,185095.578136
406,1510365600000,0.044216,0.044613,0.0441,0.044554,870.916,1510367399999,38.56744155,783,279.291,12.39324706,185265.793438
407,1510367400000,0.044611,0.044709,0.04439,0.044499,677.46,1510369199999,30.19772753,582,346.044,15.4373539,187038.743416
408,1510369200000,0.0445,0.044692,0.044397,0.04462,1141.621,1510370999999,50.82848776,746,487.696,21.73228645,187236.318438
409,1510371000000,0.044519,0.044673,0.044288,0.04453,1108.283,1510372799999,49.28085836,743,593.761,26.41819524,187195.817706
410,1510372800000,0.044425,0.044699,0.044366,0.044566,853.217,1510374599999,37.96743466,626,380.63,16.94909783,187190.563891
411,1510374600000,0.04463,0.044739,0.044516,0.044519,1037.499,1510376399999,46.26121546,548,337.291,15.0518561,187195.894474
412,1510376400000,0.044636,0.044799,0.044554,0.044696,1042.468,1510378199999,46.55922633,630,501.687,22.41879129,187217.431741
413,1510378200000,0.044726,0.044911,0.044555,0.04475,952.373,1510379999999,42.64233668,478,530.53,23.76825972,187049.739842
414,1510380000000,0.044845,0.045114,0.044707,0.04508,585.526,1510381799999,26.31602979,544,257.328,11.57658482,186896.298362
415,1510381800000,0.045006,0.045118,0.044909,0.045032,819.245,1510383599999,36.884664,530,459.572,20.70466107,186803.251033
416,1510383600000,0.045032,0.0455,0.044925,0.045402,982.468,1510385399999,44.43184818,728,521.033,23.59446022,186905.96702
417,1510385400000,0.045403,0.045621,0.045322,0.045569,1014.125,1510387199999,46.14541072,683,603.055,27.45194598,186781.004656
418,1510387200000,0.045507,0.045615,0.04525,0.045313,611.383,1510388999999,27.77486331,516,339.404,15.42263669,187043.809398
419,1510389000000,0.045317,0.045346,0.045019,0.045086,772.009,1510390799999,34.8808179,534,438.184,19.79550715,187273.536488
420,1510390800000,0.045086,0.045496,0.045034,0.045395,938.936,1510392599999,42.53915145,579,503.443,22.81908289,187543.578957
421,1510392600000,0.045394,0.045546,0.045345,0.0455,834.937,1510394399999,37.93761843,588,531.996,24.1789233,187199.040772
422,1510394400000,0.045504,0.0458,0.045418,0.045743,1117.182,1510396199999,50.94351427,648,627.047,28.59464575,187430.264211
423,1510396200000,0.045743,0.046,0.045678,0.046,988.17,1510397999999,45.27196958,554,481.617,22.06811822,187713.634868
424,1510398000000,0.045937,0.0462,0.045865,0.045916,1216.298,1510399799999,55.99989442,739,538.172,24.79801517,187579.394174
425,1510399800000,0.046,0.046391,0.045897,0.046189,1902.079,1510401599999,87.54394124,866,1117.583,51.46170706,187758.814734
426,1510401600000,0.046191,0.047,0.046187,0.0465,3001.13,1510403399999,140.03238069,1996,1197.441,55.91706109,188233.711922
427,1510403400000,0.0465,0.047,0.046274,0.046806,2183.771,1510405199999,101.94452494,1160,1065.385,49.79617616,188128.168077
428,1510405200000,0.046805,0.047801,0.046776,0.04759,2635.712,1510406999999,124.5341363,1685,1155.836,54.6644448,188492.867879
429,1510407000000,0.047536,0.0477,0.0463,0.046651,3234.312,1510408799999,152.33094713,2127,1215.5,57.22672046,188718.027178
430,1510408800000,0.046655,0.047131,0.046348,0.047131,2104.124,1510410599999,98.30076035,1906,918.136,42.92981818,189505.203453
431,1510410600000,0.046908,0.04722,0.0463,0.047099,2041.116,1510412399999,95.87413346,1746,922.803,43.43247532,189634.137178
432,1510412400000,0.047096,0.047657,0.046453,0.047354,2222.474,1510414199999,105.05912281,1563,812.614,38.46174956,187659.233556
433,1510414200000,0.047348,0.047967,0.047171,0.047736,1707.215,1510415999999,81.19098642,1164,628.769,29.9182047,188176.533822
434,1510416000000,0.04762,0.047998,0.047174,0.047351,2472.453,1510417799999,117.77359743,1144,1005.393,47.92760708,187433.990339
435,1510417800000,0.047359,0.047748,0.047343,0.047748,1171.072,1510419599999,55.657537,889,422.575,20.10744985,187750.130562
436,1510419600000,0.047717,0.04825,0.047684,0.048097,1697.345,1510421399999,81.34297028,964,673.331,32.30243561,187813.461272
437,1510421400000,0.048098,0.049407,0.048098,0.049243,1949.975,1510423199999,95.1421211,1332,814.957,39.83613358,188111.273484
438,1510423200000,0.049244,0.049742,0.049244,0.049488,1344.742,1510424999999,66.52303975,862,755.558,37.39872319,188720.284249
439,1510425000000,0.049451,0.050588,0.0494,0.050501,1839.655,1510426799999,92.24122376,1433,678.88,34.08690351,188688.110206
440,1510426800000,0.050501,0.05148,0.049456,0.050078,2518.204,1510428599999,127.11363819,1655,1007.606,50.95083034,188879.49927
441,1510428600000,0.050084,0.050565,0.049402,0.050099,1072.348,1510430399999,53.55663171,1160,437.158,21.85388011,189188.740777
442,1510430400000,0.05017,0.050855,0.049947,0.050529,828.472,1510432199999,41.66144205,813,461.621,23.2405975,189565.290773
443,1510432200000,0.050198,0.051,0.049308,0.049602,2147.674,1510433999999,108.17124426,1252,1337.039,67.53078926,189369.903733
444,1510434000000,0.049602,0.049776,0.049114,0.049351,1097.735,1510435799999,54.28701879,665,533.158,26.39578987,189102.765205
445,1510435800000,0.049351,0.049556,0.048633,0.048667,1179.828,1510437599999,57.91462808,578,587.169,28.83771248,188920.479061
446,1510437600000,0.048878,0.049742,0.048538,0.0496,839.786,1510439399999,41.4656582,710,352.198,17.4024678,189273.463255
447,1510439400000,0.049737,0.050256,0.049401,0.049966,1388.28,1510441199999,69.27032828,659,846.03,42.22846282,189006.135603
448,1510441200000,0.049978,0.05119,0.049871,0.050018,828.979,1510442999999,41.61639378,556,418.485,21.06149058,188829.026213
449,1510443000000,0.050069,0.0501,0.049324,0.049649,1126.164,1510444799999,56.08822577,841,454.005,22.62026851,189047.139958
450,1510444800000,0.049579,0.050012,0.049437,0.049548,1098.704,1510446599999,54.64005669,544,588.947,29.29566283,188996.787128
451,1510446600000,0.049567,0.049986,0.04943,0.049763,1046.005,1510448399999,51.93491504,741,525.665,26.11901177,189088.310235
452,1510448400000,0.049775,0.049927,0.049459,0.049559,1372.267,1510450199999,68.29583834,839,695.268,34.63298673,188768.164175
453,1510450200000,0.049567,0.049982,0.04955,0.049892,1468.071,1510451999999,73.04855315,708,724.068,36.04289323,189104.524407
454,1510452000000,0.04988,0.05025,0.049737,0.050009,2253.252,1510453799999,112.61063898,1120,985.602,49.28774862,189344.904929
455,1510453800000,0.049872,0.0501,0.049558,0.049883,1672.118,1510455599999,83.29904551,1008,802.604,40.01219959,189428.52422
456,1510455600000,0.049882,0.050172,0.049724,0.050141,3514.63,1510457399999,175.60093776,2411,1548.065,77.41063712,189380.900346
457,1510457400000,0.050098,0.050817,0.04955,0.050389,4622.867,1510459199999,231.69886281,2917,2030.524,101.90624469,189623.660079
458,1510459200000,0.050018,0.051045,0.049999,0.050951,2943.414,1510460999999,148.60536947,2278,1147.352,57.92756428,190808.485938
459,1510461000000,0.050951,0.051358,0.0502,0.051358,2317.343,1510462799999,117.75585143,1730,1023.76,52.10975283,190867.998372
460,1510462800000,0.051357,0.0535,0.051004,0.052717,4144.416,1510464599999,217.12763571,2958,1857.13,97.3415445,190674.366252
461,1510464600000,0.052686,0.054,0.052164,0.052613,3698.358,1510466399999,196.73328513,1888,1600.879,85.27382152,190506.613854
462,1510466400000,0.052613,0.0536,0.05225,0.052501,3195.672,1510468199999,168.95887763,2294,1523.696,80.63163515,191096.838742
463,1510468200000,0.052839,0.053722,0.050834,0.053674,7181.76,1510469999999,377.98733062,4270,3164.135,166.96945341,191787.5448
464,1510470000000,0.053349,0.05388,0.0476,0.049145,6894.456,1510471799999,346.05086833,3801,3720.339,187.40483403,193902.652995
465,1510471800000,0.049144,0.049694,0.048025,0.0489,3134.878,1510473599999,153.87187171,2387,1632.53,80.25064191,194577.501538
466,1510473600000,0.04877,0.04895,0.04571,0.047591,4951.488,1510475399999,234.92054547,3517,2474.575,117.36117815,195450.593899
467,1510475400000,0.047591,0.048998,0.0452,0.048096,4085.827,1510477199999,196.08760815,2349,1858.273,89.52666985,195646.315382
468,1510477200000,0.048002,0.049648,0.047998,0.049363,2180.845,1510478999999,106.6832486,1554,988.337,48.37137643,195520.310132
469,1510479000000,0.049363,0.049386,0.046638,0.048284,2509.411,1510480799999,121.00865424,1786,1274.499,61.48214143,196394.626429
470,1510480800000,0.048279,0.048288,0.047117,0.047699,1594.101,1510482599999,76.14189079,1034,632.029,30.25558753,196444.248083
471,1510482600000,0.047599,0.048155,0.046629,0.046701,1790.373,1510484399999,85.22855575,1196,742.693,35.41552773,197179.589663
472,1510484400000,0.046702,0.047261,0.045632,0.046439,1899.711,1510486199999,88.4572891,1393,1072.716,49.97905437,197375.875988
473,1510486200000,0.046451,0.0475,0.045714,0.047093,1747.692,1510487999999,81.84352649,1457,813.962,38.16849239,197547.261974
474,1510488000000,0.047092,0.04777,0.04679,0.047769,2894.568,1510489799999,137.07059914,2301,1463.312,69.41017735,197737.276807
475,1510489800000,0.047406,0.048458,0.047058,0.048,7119.845,1510491599999,340.47476028,5149,3615.359,173.36018083,197667.773558
476,1510491600000,0.048143,0.05,0.047501,0.04903,11457.517,1510493399999,561.60022828,10837,5606.315,275.4943041,198151.898099
477,1510493400000,0.04903,0.04975,0.045736,0.048815,7167.658,1510495199999,349.92031043,6824,3444.033,168.68971214,195869.133795
478,1510495200000,0.048636,0.049436,0.04708,0.048501,5423.821,1510496999999,262.33897441,5363,2720.274,132.01045254,196097.884995
479,1510497000000,0.049005,0.04976,0.04803,0.04975,5109.576,1510498799999,249.41704447,4471,2666.868,130.50707132,196319.935804
480,1510498800000,0.049748,0.049997,0.048648,0.049127,6394.699,1510500599999,316.21622911,6143,2953.844,146.32119794,196518.251232
481,1510500600000,0.049128,0.049603,0.04832,0.049482,4267.777,1510502399999,208.8838264,3508,2116.517,103.74234138,196538.855051
482,1510502400000,0.04935,0.05,0.049076,0.04967,4823.66,1510504199999,239.30413952,4223,2328.74,115.67958252,196242.018525
483,1510504200000,0.049853,0.0514,0.049666,0.050957,7566.625,1510505999999,382.34581571,6825,3712.548,187.98549673,196298.012089
484,1510506000000,0.050958,0.051671,0.050704,0.050796,9164.857,1510507799999,470.15282308,8405,5090.122,261.43685708,196135.137906
485,1510507800000,0.050797,0.05263,0.050763,0.052211,7946.594,1510509599999,411.13421915,9514,3771.193,195.48833118,196063.028059
486,1510509600000,0.052215,0.052438,0.050763,0.051379,6436.784,1510511399999,333.41302839,7063,3566.066,185.05713766,196255.092043
487,1510511400000,0.051152,0.05238,0.050674,0.050853,5909.734,1510513199999,305.61412712,5990,3079.7,159.59510346,196419.618478
488,1510513200000,0.050979,0.051098,0.050549,0.050818,4289.77,1510514999999,218.08876863,5331,2169.745,110.42647301,196213.2567
489,1510515000000,0.050705,0.051491,0.050622,0.051206,6963.909,1510516799999,355.48539392,4754,3461.975,176.91434182,196196.925335
490,1510516800000,0.051257,0.051752,0.050947,0.051449,5897.174,1510518599999,302.75904083,4377,2982.126,153.27183918,196083.703773
491,1510518600000,0.051447,0.051724,0.051175,0.051718,2107.488,1510520399999,108.31216392,1586,953.512,49.07729845,196093.381445
492,1510520400000,0.051619,0.05296,0.051605,0.052701,4220.345,1510522199999,221.6426326,3432,2228.445,117.13607682,196157.260676
493,1510522200000,0.052701,0.052862,0.052036,0.052558,2446.909,1510523999999,128.60683468,2055,1156.054,60.80487956,196256.818356
494,1510524000000,0.052551,0.053,0.052195,0.052742,3008.406,1510525799999,158.39815032,1615,1516.758,79.9328266,196027.599482
495,1510525800000,0.052742,0.05358,0.052429,0.053425,2069.224,1510527599999,109.78554956,1242,985.837,52.37235184,195814.330042
496,1510527600000,0.053425,0.053831,0.053169,0.053665,1873.885,1510529399999,100.27806557,1143,765.223,40.99365168,194695.324813
497,1510529400000,0.053715,0.053735,0.051753,0.052038,2501.507,1510531199999,131.47201548,1188,1033.896,54.21558153,194784.514766
498,1510531200000,0.052094,0.0521,0.051327,0.052002,1651.73,1510532999999,85.34266159,830,850.641,43.9816127,194576.568257
499,1510533000000,0.052002,0.052069,0.051551,0.051813,935.93,1510534799999,48.45778503,450,378.65,19.61453742,194946.305271
